"1","techno"
"2","sport"
"3","twitter"
"4","loisir"
"29","eco"
"45","eco"
"46","techno"
"1","https://www.youtube.com/watch?v=dI-T7YcSpiY","hhtd:ppf2","2021-01-06 14:01:58","youtube"
"2","https://cryptpad.roflcopter.fr/pad/#/2/pad/view/q401alDSbtSZSf4pV20nRrY-CFxxTIf6w-F4l4+IaFg/","zfzfzfz/ff","2021-01-05 14:01:58","brief"
"3","https://blog.journalduhacker.net/index.php?article303/fermeture-du-compte-twitter-du-journal-du-hacker","jdh-bye-twitter","2021-01-06 14:39:40"," le journal du hacker ferme son compte Twitter (mais reste présent sur Mastodon)"
"4","https://www.youtube.com/watch?v=AgzD0NOPp9Q","voyage","2021-01-06 15:00:01","site de voyage"
"5","https://www.php.net/manual/fr/pdo.query.php","eozfoj","2021-01-06 20:58:20","Tutoriel en français"
"9","https://www.udemy.com/course/the-complete-javascript-course/learn/lecture/22649083#overview","fzfzfzf","2021-01-07 09:25:32","site apprentissage en ligne"
"4","1"
"4","3"
"5","4"
"5","4"
"5","29"
